{"cameraMode":{"drawMode":0,"name":"Shaded","section":"Shading Mode"},"sceneLighting":true,"audioPlay":false,"sceneViewState":{"m_AlwaysRefresh":false,"showFog":true,"showSkybox":true,"showFlares":true,"showImageEffects":true,"showParticleSystems":true,"showVisualEffectGraphs":true,"m_FxEnabled":true},"in2DMode":false,"pivot":{"x":0.25876402854919436,"y":-8.638466835021973,"z":-6.571603298187256},"rotation":{"x":0.23934458196163178,"y":0.2825716733932495,"z":-0.07295206934213638,"w":0.9260636568069458},"size":28.770709991455079,"orthographic":false}